/*
Navicat MySQL Data Transfer

Source Server         : dbserver
Source Server Version : 50505
Source Host           : localhost:3306
Source Database       : logbook

Target Server Type    : MYSQL
Target Server Version : 50505
File Encoding         : 65001

Date: 2019-12-18 15:54:04
*/

SET FOREIGN_KEY_CHECKS=0;
-- ----------------------------
-- Table structure for `box`
-- ----------------------------
DROP TABLE IF EXISTS `box`;
CREATE TABLE `box` (
  `nobox` int(5) NOT NULL AUTO_INCREMENT,
  `isi` int(1) DEFAULT NULL,
  `pesan` varchar(255) DEFAULT NULL,
  `servicepoint` varchar(50) DEFAULT NULL,
  PRIMARY KEY (`nobox`)
) ENGINE=MyISAM AUTO_INCREMENT=474 DEFAULT CHARSET=latin1;

-- ----------------------------
-- Records of box
-- ----------------------------
INSERT INTO `box` VALUES ('1', '0', 'RAK 1 A 1', 'SEMARANG 1');
INSERT INTO `box` VALUES ('2', '0', 'RAK 1 A 2', 'SEMARANG 1');
INSERT INTO `box` VALUES ('3', '0', 'RAK 1 A 3', 'SEMARANG 1');
INSERT INTO `box` VALUES ('4', '0', 'RAK 1 A 4', 'SEMARANG 1');
INSERT INTO `box` VALUES ('5', '0', 'RAK 1 A 5', 'SEMARANG 1');
INSERT INTO `box` VALUES ('6', '0', 'RAK 1 A 6', 'SEMARANG 1');
INSERT INTO `box` VALUES ('7', '0', 'RAK 1 A 7', 'SEMARANG 1');
INSERT INTO `box` VALUES ('8', '0', 'RAK 1 A 8', 'SEMARANG 1');
INSERT INTO `box` VALUES ('9', '0', 'RAK 1 A 9', 'SEMARANG 1');
INSERT INTO `box` VALUES ('10', '0', 'RAK 1 A 10', 'SEMARANG 1');
INSERT INTO `box` VALUES ('11', '0', 'RAK 1 A 11', 'SEMARANG 1');
INSERT INTO `box` VALUES ('12', '0', 'RAK 1 A 12', 'SEMARANG 1');
INSERT INTO `box` VALUES ('13', '0', 'RAK 1 B 1', 'SEMARANG 1');
INSERT INTO `box` VALUES ('15', '0', 'RAK 1 B 2', 'SEMARANG 1');
INSERT INTO `box` VALUES ('14', '0', 'RAK 1 B 3', 'SEMARANG 1');
INSERT INTO `box` VALUES ('16', '0', 'RAK 1 B 4', 'SEMARANG 1');
INSERT INTO `box` VALUES ('17', '0', 'RAK 1 B 5', 'SEMARANG 1');
INSERT INTO `box` VALUES ('18', '0', 'RAK 1 B 6', 'SEMARANG 1');
INSERT INTO `box` VALUES ('19', '0', 'RAK 1 B 7', 'SEMARANG 1');
INSERT INTO `box` VALUES ('20', '0', 'RAK 1 B 8', 'SEMARANG 1');
INSERT INTO `box` VALUES ('21', '0', 'RAK 1 B 9', 'SEMARANG 1');
INSERT INTO `box` VALUES ('22', '0', 'RAK 1 B 10', 'SEMARANG 1');
INSERT INTO `box` VALUES ('23', '0', 'RAK 1 B 11', 'SEMARANG 1');
INSERT INTO `box` VALUES ('24', '0', 'RAK 1 B 12', 'SEMARANG 1');
INSERT INTO `box` VALUES ('25', '0', 'RAK 1 C 1', 'SEMARANG 1');
INSERT INTO `box` VALUES ('26', '0', 'RAK 1 C 2', 'SEMARANG 1');
INSERT INTO `box` VALUES ('27', '0', 'RAK 1 C 3', 'SEMARANG 1');
INSERT INTO `box` VALUES ('28', '0', 'RAK 1 C 4', 'SEMARANG 1');
INSERT INTO `box` VALUES ('29', '0', 'RAK 1 C 5', 'SEMARANG 1');
INSERT INTO `box` VALUES ('30', '0', 'RAK 1 C 6', 'SEMARANG 1');
INSERT INTO `box` VALUES ('31', '0', 'RAK 1 C 7', 'SEMARANG 1');
INSERT INTO `box` VALUES ('32', '0', 'RAK 1 C 8', 'SEMARANG 1');
INSERT INTO `box` VALUES ('33', '0', 'RAK 1 C 9', 'SEMARANG 1');
INSERT INTO `box` VALUES ('34', '0', 'RAK 1 C 10', 'SEMARANG 1');
INSERT INTO `box` VALUES ('35', '0', 'RAK 1 C 11', 'SEMARANG 1');
INSERT INTO `box` VALUES ('36', '0', 'RAK 1 C 12', 'SEMARANG 1');
INSERT INTO `box` VALUES ('37', '0', 'RAK 1 D 1', 'SEMARANG 1');
INSERT INTO `box` VALUES ('38', '0', 'RAK 1 D 2', 'SEMARANG 1');
INSERT INTO `box` VALUES ('39', '0', 'RAK 1 D 3', 'SEMARANG 1');
INSERT INTO `box` VALUES ('40', '0', 'RAK 1 D 4', 'SEMARANG 1');
INSERT INTO `box` VALUES ('41', '0', 'RAK 1 D 5', 'SEMARANG 1');
INSERT INTO `box` VALUES ('42', '0', 'RAK 1 D 6', 'SEMARANG 1');
INSERT INTO `box` VALUES ('43', '0', 'RAK 1 D 7', 'SEMARANG 1');
INSERT INTO `box` VALUES ('44', '0', 'RAK 1 D 8', 'SEMARANG 1');
INSERT INTO `box` VALUES ('45', '0', 'RAK 1 D 9', 'SEMARANG 1');
INSERT INTO `box` VALUES ('46', '0', 'RAK 1 D 10', 'SEMARANG 1');
INSERT INTO `box` VALUES ('47', '0', 'RAK 1 D 11', 'SEMARANG 1');
INSERT INTO `box` VALUES ('48', '0', 'RAK 1 D 12', 'SEMARANG 1');
INSERT INTO `box` VALUES ('49', '0', 'RAK 1 E 1', 'SEMARANG 1');
INSERT INTO `box` VALUES ('50', '0', 'RAK 1 E 2', 'SEMARANG 1');
INSERT INTO `box` VALUES ('51', '0', 'RAK 1 E 3', 'SEMARANG 1');
INSERT INTO `box` VALUES ('52', '0', 'RAK 1 E 4', 'SEMARANG 1');
INSERT INTO `box` VALUES ('53', '0', 'RAK 1 E 5', 'SEMARANG 1');
INSERT INTO `box` VALUES ('54', '0', 'RAK 1 E 6', 'SEMARANG 1');
INSERT INTO `box` VALUES ('55', '0', 'RAK 1 E 7', 'SEMARANG 1');
INSERT INTO `box` VALUES ('56', '0', 'RAK 1 E 8', 'SEMARANG 1');
INSERT INTO `box` VALUES ('57', '0', 'RAK 1 E 9', 'SEMARANG 1');
INSERT INTO `box` VALUES ('58', '0', 'RAK 1 E 10', 'SEMARANG 1');
INSERT INTO `box` VALUES ('59', '0', 'RAK 1 E 11', 'SEMARANG 1');
INSERT INTO `box` VALUES ('60', '0', 'RAK 1 E 12', 'SEMARANG 1');
INSERT INTO `box` VALUES ('61', '0', 'RAK 1 F 1', 'SEMARANG 1');
INSERT INTO `box` VALUES ('62', '0', 'RAK 1 F 2', 'SEMARANG 1');
INSERT INTO `box` VALUES ('63', '0', 'RAK 1 F 3', 'SEMARANG 1');
INSERT INTO `box` VALUES ('64', '0', 'RAK 1 F 4', 'SEMARANG 1');
INSERT INTO `box` VALUES ('65', '0', 'RAK 1 F 5', 'SEMARANG 1');
INSERT INTO `box` VALUES ('66', '0', 'RAK 1 F 6', 'SEMARANG 1');
INSERT INTO `box` VALUES ('67', '0', 'RAK 1 F 7', 'SEMARANG 1');
INSERT INTO `box` VALUES ('68', '0', 'RAK 1 F 8', 'SEMARANG 1');
INSERT INTO `box` VALUES ('69', '0', 'RAK 1 F 9', 'SEMARANG 1');
INSERT INTO `box` VALUES ('70', '0', 'RAK 1 F 10', 'SEMARANG 1');
INSERT INTO `box` VALUES ('71', '0', 'RAK 1 F 11', 'SEMARANG 1');
INSERT INTO `box` VALUES ('72', '0', 'RAK 1 F 12', 'SEMARANG 1');
INSERT INTO `box` VALUES ('73', '0', 'RAK 1 G 1', 'SEMARANG 1');
INSERT INTO `box` VALUES ('74', '0', 'RAK 1 G 2', 'SEMARANG 1');
INSERT INTO `box` VALUES ('75', '0', 'RAK 1 G 3', 'SEMARANG 1');
INSERT INTO `box` VALUES ('76', '0', 'RAK 1 G 4', 'SEMARANG 1');
INSERT INTO `box` VALUES ('77', '0', 'RAK 1 G 5', 'SEMARANG 1');
INSERT INTO `box` VALUES ('78', '0', 'RAK 1 G 6', 'SEMARANG 1');
INSERT INTO `box` VALUES ('79', '0', 'RAK 1 G 7', 'SEMARANG 1');
INSERT INTO `box` VALUES ('80', '0', 'RAK 1 G 8', 'SEMARANG 1');
INSERT INTO `box` VALUES ('81', '0', 'RAK 1 G 9', 'SEMARANG 1');
INSERT INTO `box` VALUES ('82', '0', 'RAK 1 G 10', 'SEMARANG 1');
INSERT INTO `box` VALUES ('83', '0', 'RAK 1 G 11', 'SEMARANG 1');
INSERT INTO `box` VALUES ('84', '0', 'RAK 1 G 12', 'SEMARANG 1');
INSERT INTO `box` VALUES ('85', '0', 'RAK 1 H 1', 'SEMARANG 1');
INSERT INTO `box` VALUES ('86', '0', 'RAK 1 H 2', 'SEMARANG 1');
INSERT INTO `box` VALUES ('87', '0', 'RAK 1 H 3', 'SEMARANG 1');
INSERT INTO `box` VALUES ('88', '0', 'RAK 1 H 4', 'SEMARANG 1');
INSERT INTO `box` VALUES ('89', '0', 'RAK 1 H 5', 'SEMARANG 1');
INSERT INTO `box` VALUES ('90', '0', 'RAK 1 H 6', 'SEMARANG 1');
INSERT INTO `box` VALUES ('91', '0', 'RAK 1 H 7', 'SEMARANG 1');
INSERT INTO `box` VALUES ('92', '0', 'RAK 1 H 8', 'SEMARANG 1');
INSERT INTO `box` VALUES ('93', '0', 'RAK 1 H 9', 'SEMARANG 1');
INSERT INTO `box` VALUES ('94', '0', 'RAK 1 H 10', 'SEMARANG 1');
INSERT INTO `box` VALUES ('95', '0', 'RAK 1 H 11', 'SEMARANG 1');
INSERT INTO `box` VALUES ('96', '0', 'RAK 1 H 12', 'SEMARANG 1');
INSERT INTO `box` VALUES ('97', '0', 'RAK 2 A 1', 'SEMARANG 1');
INSERT INTO `box` VALUES ('98', '0', 'RAK 2 A 2', 'SEMARANG 1');
INSERT INTO `box` VALUES ('99', '0', 'RAK 2 A 3', 'SEMARANG 1');
INSERT INTO `box` VALUES ('100', '0', 'RAK 2 A 4', 'SEMARANG 1');
INSERT INTO `box` VALUES ('101', '0', 'RAK 2 A 5', 'SEMARANG 1');
INSERT INTO `box` VALUES ('102', '0', 'RAK 2 A 6', 'SEMARANG 1');
INSERT INTO `box` VALUES ('103', '0', 'RAK 2 A 7', 'SEMARANG 1');
INSERT INTO `box` VALUES ('104', '0', 'RAK 2 A 8', 'SEMARANG 1');
INSERT INTO `box` VALUES ('105', '0', 'RAK 2 A 9', 'SEMARANG 1');
INSERT INTO `box` VALUES ('106', '0', 'RAK 2 A 10', 'SEMARANG 1');
INSERT INTO `box` VALUES ('107', '0', 'RAK 2 A 11', 'SEMARANG 1');
INSERT INTO `box` VALUES ('108', '0', 'RAK 2 A 12', 'SEMARANG 1');
INSERT INTO `box` VALUES ('109', '0', 'RAK 2 B 1', 'SEMARANG 1');
INSERT INTO `box` VALUES ('110', '0', 'RAK 2 B 2', 'SEMARANG 1');
INSERT INTO `box` VALUES ('111', '0', 'RAK 2 B 3', 'SEMARANG 1');
INSERT INTO `box` VALUES ('112', '0', 'RAK 2 B 4', 'SEMARANG 1');
INSERT INTO `box` VALUES ('113', '0', 'RAK 2 B 5', 'SEMARANG 1');
INSERT INTO `box` VALUES ('114', '0', 'RAK 2 B 6', 'SEMARANG 1');
INSERT INTO `box` VALUES ('115', '0', 'RAK 2 B 7', 'SEMARANG 1');
INSERT INTO `box` VALUES ('116', '0', 'RAK 2 B 8', 'SEMARANG 1');
INSERT INTO `box` VALUES ('117', '0', 'RAK 2 B 9', 'SEMARANG 1');
INSERT INTO `box` VALUES ('118', '0', 'RAK 2 B 10', 'SEMARANG 1');
INSERT INTO `box` VALUES ('119', '0', 'RAK 2 B 11', 'SEMARANG 1');
INSERT INTO `box` VALUES ('120', '0', 'RAK 2 B 12', 'SEMARANG 1');
INSERT INTO `box` VALUES ('121', '0', 'RAK 2 C 1', 'SEMARANG 1');
INSERT INTO `box` VALUES ('122', '0', 'RAK 2 C 2', 'SEMARANG 1');
INSERT INTO `box` VALUES ('123', '0', 'RAK 2 C 3', 'SEMARANG 1');
INSERT INTO `box` VALUES ('124', '0', 'RAK 2 C 4', 'SEMARANG 1');
INSERT INTO `box` VALUES ('125', '0', 'RAK 2 C 5', 'SEMARANG 1');
INSERT INTO `box` VALUES ('126', '0', 'RAK 2 C 6', 'SEMARANG 1');
INSERT INTO `box` VALUES ('127', '0', 'RAK 2 C 7', 'SEMARANG 1');
INSERT INTO `box` VALUES ('128', '0', 'RAK 2 C 8', 'SEMARANG 1');
INSERT INTO `box` VALUES ('129', '0', 'RAK 2 C 9', 'SEMARANG 1');
INSERT INTO `box` VALUES ('130', '0', 'RAK 2 C 10', 'SEMARANG 1');
INSERT INTO `box` VALUES ('131', '0', 'RAK 2 C 11', 'SEMARANG 1');
INSERT INTO `box` VALUES ('132', '0', 'RAK 2 C 12', 'SEMARANG 1');
INSERT INTO `box` VALUES ('133', '0', 'RAK 2 D 1', 'SEMARANG 1');
INSERT INTO `box` VALUES ('134', '0', 'RAK 2 D 2', 'SEMARANG 1');
INSERT INTO `box` VALUES ('135', '0', 'RAK 2 D 3', 'SEMARANG 1');
INSERT INTO `box` VALUES ('136', '0', 'RAK 2 D 4', 'SEMARANG 1');
INSERT INTO `box` VALUES ('137', '0', 'RAK 2 D 5', 'SEMARANG 1');
INSERT INTO `box` VALUES ('138', '0', 'RAK 2 D 6', 'SEMARANG 1');
INSERT INTO `box` VALUES ('139', '0', 'RAK 2 D 7', 'SEMARANG 1');
INSERT INTO `box` VALUES ('140', '0', 'RAK 2 D 8', 'SEMARANG 1');
INSERT INTO `box` VALUES ('141', '0', 'RAK 2 D 9', 'SEMARANG 1');
INSERT INTO `box` VALUES ('142', '0', 'RAK 2 D 10', 'SEMARANG 1');
INSERT INTO `box` VALUES ('143', '0', 'RAK 2 D 11', 'SEMARANG 1');
INSERT INTO `box` VALUES ('144', '0', 'RAK 2 D 12', 'SEMARANG 1');
INSERT INTO `box` VALUES ('145', '0', 'RAK 2 E 1', 'SEMARANG 1');
INSERT INTO `box` VALUES ('146', '0', 'RAK 2 E 2', 'SEMARANG 1');
INSERT INTO `box` VALUES ('147', '0', 'RAK 2 E 3', 'SEMARANG 1');
INSERT INTO `box` VALUES ('148', '0', 'RAK 2 E 4', 'SEMARANG 1');
INSERT INTO `box` VALUES ('149', '0', 'RAK 2 E 5', 'SEMARANG 1');
INSERT INTO `box` VALUES ('150', '0', 'RAK 2 E 6', 'SEMARANG 1');
INSERT INTO `box` VALUES ('151', '0', 'RAK 2 E 7', 'SEMARANG 1');
INSERT INTO `box` VALUES ('152', '0', 'RAK 2 E 8', 'SEMARANG 1');
INSERT INTO `box` VALUES ('153', '0', 'RAK 2 E 9', 'SEMARANG 1');
INSERT INTO `box` VALUES ('154', '0', 'RAK 2 E 10', 'SEMARANG 1');
INSERT INTO `box` VALUES ('155', '0', 'RAK 2 E 11', 'SEMARANG 1');
INSERT INTO `box` VALUES ('156', '0', 'RAK 2 E 12', 'SEMARANG 1');
INSERT INTO `box` VALUES ('157', '0', 'RAK 2 F 1', 'SEMARANG 1');
INSERT INTO `box` VALUES ('158', '0', 'RAK 2 F 2', 'SEMARANG 1');
INSERT INTO `box` VALUES ('159', '0', 'RAK 2 F 3', 'SEMARANG 1');
INSERT INTO `box` VALUES ('160', '0', 'RAK 2 F 4', 'SEMARANG 1');
INSERT INTO `box` VALUES ('161', '0', 'RAK 2 F 5', 'SEMARANG 1');
INSERT INTO `box` VALUES ('162', '0', 'RAK 2 F 6', 'SEMARANG 1');
INSERT INTO `box` VALUES ('163', '0', 'RAK 2 F 7', 'SEMARANG 1');
INSERT INTO `box` VALUES ('164', '0', 'RAK 2 F 8', 'SEMARANG 1');
INSERT INTO `box` VALUES ('165', '0', 'RAK 2 F 9', 'SEMARANG 1');
INSERT INTO `box` VALUES ('166', '0', 'RAK 2 F 10', 'SEMARANG 1');
INSERT INTO `box` VALUES ('167', '0', 'RAK 2 F 11', 'SEMARANG 1');
INSERT INTO `box` VALUES ('168', '0', 'RAK 2 F 12', 'SEMARANG 1');
INSERT INTO `box` VALUES ('169', '0', 'RAK 2 G 1', 'SEMARANG 1');
INSERT INTO `box` VALUES ('170', '0', 'RAK 2 G 2', 'SEMARANG 1');
INSERT INTO `box` VALUES ('171', '0', 'RAK 2 G 3', 'SEMARANG 1');
INSERT INTO `box` VALUES ('172', '0', 'RAK 2 G 4', 'SEMARANG 1');
INSERT INTO `box` VALUES ('173', '0', 'RAK 2 G 5', 'SEMARANG 1');
INSERT INTO `box` VALUES ('174', '0', 'RAK 2 G 6', 'SEMARANG 1');
INSERT INTO `box` VALUES ('175', '0', 'RAK 2 G 7', 'SEMARANG 1');
INSERT INTO `box` VALUES ('176', '0', 'RAK 2 G 8', 'SEMARANG 1');
INSERT INTO `box` VALUES ('177', '0', 'RAK 2 G 9', 'SEMARANG 1');
INSERT INTO `box` VALUES ('178', '0', 'RAK 2 G 10', 'SEMARANG 1');
INSERT INTO `box` VALUES ('179', '0', 'RAK 2 G 11', 'SEMARANG 1');
INSERT INTO `box` VALUES ('180', '0', 'RAK 2 G 12', 'SEMARANG 1');
INSERT INTO `box` VALUES ('181', '0', 'RAK 2 H 1', 'SEMARANG 1');
INSERT INTO `box` VALUES ('182', '0', 'RAK 2 H 2', 'SEMARANG 1');
INSERT INTO `box` VALUES ('183', '0', 'RAK 2 H 3', 'SEMARANG 1');
INSERT INTO `box` VALUES ('184', '0', 'RAK 2 H 4', 'SEMARANG 1');
INSERT INTO `box` VALUES ('185', '0', 'RAK 2 H 5', 'SEMARANG 1');
INSERT INTO `box` VALUES ('186', '0', 'RAK 2 H 6', 'SEMARANG 1');
INSERT INTO `box` VALUES ('187', '0', 'RAK 2 H 7', 'SEMARANG 1');
INSERT INTO `box` VALUES ('188', '0', 'RAK 2 H 8', 'SEMARANG 1');
INSERT INTO `box` VALUES ('189', '0', 'RAK 2 H 9', 'SEMARANG 1');
INSERT INTO `box` VALUES ('190', '0', 'RAK 2 H 10', 'SEMARANG 1');
INSERT INTO `box` VALUES ('191', '0', 'RAK 2 H 11', 'SEMARANG 1');
INSERT INTO `box` VALUES ('192', '0', 'RAK 2 H 12', 'SEMARANG 1');
INSERT INTO `box` VALUES ('193', '0', 'RAK FULL', 'SEMARANG 1');
INSERT INTO `box` VALUES ('194', '0', 'SEMARANG 1', 'SEMARANG 1');
INSERT INTO `box` VALUES ('195', '0', 'SEMARANG 1', 'SEMARANG 1');
INSERT INTO `box` VALUES ('196', '0', 'SEMARANG 1', 'SEMARANG 1');
INSERT INTO `box` VALUES ('197', '0', 'SEMARANG 1', 'SEMARANG 1');
INSERT INTO `box` VALUES ('198', '0', 'SEMARANG 1', 'SEMARANG 1');
INSERT INTO `box` VALUES ('199', '0', 'SEMARANG 1', 'SEMARANG 1');
INSERT INTO `box` VALUES ('200', '0', 'SEMARANG 1', 'SEMARANG 1');
INSERT INTO `box` VALUES ('201', '0', 'SEMARANG 1', 'SEMARANG 1');
INSERT INTO `box` VALUES ('202', '0', 'SEMARANG 1', 'SEMARANG 1');
INSERT INTO `box` VALUES ('203', '0', 'SEMARANG 1', 'SEMARANG 1');
INSERT INTO `box` VALUES ('204', '0', 'SEMARANG 1', 'SEMARANG 1');
INSERT INTO `box` VALUES ('205', '0', 'SEMARANG 1', 'SEMARANG 1');
INSERT INTO `box` VALUES ('206', '0', 'SEMARANG 1', 'SEMARANG 1');
INSERT INTO `box` VALUES ('207', '0', 'SEMARANG 1', 'SEMARANG 1');
INSERT INTO `box` VALUES ('208', '0', 'SEMARANG 1', 'SEMARANG 1');
INSERT INTO `box` VALUES ('209', '0', 'SEMARANG 1', 'SEMARANG 1');
INSERT INTO `box` VALUES ('210', '0', 'SEMARANG 1', 'SEMARANG 1');
INSERT INTO `box` VALUES ('211', '0', 'SEMARANG 1', 'SEMARANG 1');
INSERT INTO `box` VALUES ('212', '0', 'SEMARANG 1', 'SEMARANG 1');
INSERT INTO `box` VALUES ('213', '0', 'SEMARANG 1', 'SEMARANG 1');
INSERT INTO `box` VALUES ('214', '0', 'SEMARANG 1', 'SEMARANG 1');
INSERT INTO `box` VALUES ('215', '0', 'SEMARANG 1', 'SEMARANG 1');
INSERT INTO `box` VALUES ('216', '0', 'SEMARANG 1', 'SEMARANG 1');
INSERT INTO `box` VALUES ('217', '0', 'SEMARANG 1', 'SEMARANG 1');
INSERT INTO `box` VALUES ('218', '0', 'SEMARANG 1', 'SEMARANG 1');
INSERT INTO `box` VALUES ('219', '0', 'SEMARANG 1', 'SEMARANG 1');
INSERT INTO `box` VALUES ('220', '0', 'SEMARANG 1', 'SEMARANG 1');
INSERT INTO `box` VALUES ('221', '0', 'SEMARANG 1', 'SEMARANG 1');
INSERT INTO `box` VALUES ('222', '0', 'SEMARANG 1', 'SEMARANG 1');
INSERT INTO `box` VALUES ('223', '0', 'SEMARANG 1', 'SEMARANG 1');
INSERT INTO `box` VALUES ('224', '0', 'SEMARANG 1', 'SEMARANG 1');
INSERT INTO `box` VALUES ('225', '0', 'SEMARANG 1', 'SEMARANG 1');
INSERT INTO `box` VALUES ('226', '0', 'SEMARANG 1', 'SEMARANG 1');
INSERT INTO `box` VALUES ('227', '0', 'SEMARANG 1', 'SEMARANG 1');
INSERT INTO `box` VALUES ('228', '0', 'SEMARANG 1', 'SEMARANG 1');
INSERT INTO `box` VALUES ('229', '0', 'SEMARANG 1', 'SEMARANG 1');
INSERT INTO `box` VALUES ('230', '0', 'SEMARANG 1', 'SEMARANG 1');
INSERT INTO `box` VALUES ('231', '0', 'SEMARANG 1', 'SEMARANG 1');
INSERT INTO `box` VALUES ('232', '0', 'SEMARANG 1', 'SEMARANG 1');
INSERT INTO `box` VALUES ('233', '0', 'SEMARANG 1', 'SEMARANG 1');
INSERT INTO `box` VALUES ('234', '0', 'SEMARANG 1', 'SEMARANG 1');
INSERT INTO `box` VALUES ('235', '0', 'SEMARANG 1', 'SEMARANG 1');
INSERT INTO `box` VALUES ('236', '0', 'SEMARANG 1', 'SEMARANG 1');
INSERT INTO `box` VALUES ('237', '0', 'SEMARANG 1', 'SEMARANG 1');
INSERT INTO `box` VALUES ('238', '0', 'SEMARANG 1', 'SEMARANG 1');
INSERT INTO `box` VALUES ('239', '0', 'SEMARANG 1', 'SEMARANG 1');
INSERT INTO `box` VALUES ('240', '0', 'SEMARANG 1', 'SEMARANG 1');
INSERT INTO `box` VALUES ('241', '0', 'SEMARANG 1', 'SEMARANG 1');
INSERT INTO `box` VALUES ('242', '0', 'SEMARANG 1', 'SEMARANG 1');
INSERT INTO `box` VALUES ('243', '0', 'SEMARANG 1', 'SEMARANG 1');
INSERT INTO `box` VALUES ('244', '0', 'SEMARANG 1', 'SEMARANG 1');
INSERT INTO `box` VALUES ('245', '0', 'SEMARANG 1', 'SEMARANG 1');
INSERT INTO `box` VALUES ('246', '0', 'SEMARANG 1', 'SEMARANG 1');
INSERT INTO `box` VALUES ('247', '0', 'SEMARANG 1', 'SEMARANG 1');
INSERT INTO `box` VALUES ('248', '0', 'SEMARANG 1', 'SEMARANG 1');
INSERT INTO `box` VALUES ('249', '0', 'SEMARANG 1', 'SEMARANG 1');
INSERT INTO `box` VALUES ('250', '0', 'SEMARANG 1', 'SEMARANG 1');
INSERT INTO `box` VALUES ('251', '0', 'SEMARANG 1', 'SEMARANG 1');
INSERT INTO `box` VALUES ('252', '0', 'SEMARANG 1', 'SEMARANG 1');
INSERT INTO `box` VALUES ('253', '0', 'SEMARANG 1', 'SEMARANG 1');
INSERT INTO `box` VALUES ('254', '0', 'SEMARANG 1', 'SEMARANG 1');
INSERT INTO `box` VALUES ('255', '0', 'SEMARANG 1', 'SEMARANG 1');
INSERT INTO `box` VALUES ('256', '0', 'SEMARANG 1', 'SEMARANG 1');
INSERT INTO `box` VALUES ('257', '0', 'SEMARANG 1', 'SEMARANG 1');
INSERT INTO `box` VALUES ('258', '0', 'SEMARANG 1', 'SEMARANG 1');
INSERT INTO `box` VALUES ('259', '0', 'SEMARANG 1', 'SEMARANG 1');
INSERT INTO `box` VALUES ('260', '0', 'SEMARANG 1', 'SEMARANG 1');
INSERT INTO `box` VALUES ('261', '0', 'SEMARANG 1', 'SEMARANG 1');
INSERT INTO `box` VALUES ('262', '0', 'SEMARANG 1', 'SEMARANG 1');
INSERT INTO `box` VALUES ('263', '0', 'SEMARANG 1', 'SEMARANG 1');
INSERT INTO `box` VALUES ('264', '0', 'SEMARANG 1', 'SEMARANG 1');
INSERT INTO `box` VALUES ('265', '0', 'SEMARANG 1', 'SEMARANG 1');
INSERT INTO `box` VALUES ('266', '0', 'SEMARANG 1', 'SEMARANG 1');
INSERT INTO `box` VALUES ('267', '0', 'SEMARANG 1', 'SEMARANG 1');
INSERT INTO `box` VALUES ('268', '0', 'SEMARANG 1', 'SEMARANG 1');
INSERT INTO `box` VALUES ('269', '0', 'SEMARANG 1', 'SEMARANG 1');
INSERT INTO `box` VALUES ('270', '0', 'SEMARANG 1', 'SEMARANG 1');
INSERT INTO `box` VALUES ('271', '0', 'SEMARANG 1', 'SEMARANG 1');
INSERT INTO `box` VALUES ('272', '0', 'SEMARANG 1', 'SEMARANG 1');
INSERT INTO `box` VALUES ('273', '0', 'SEMARANG 1', 'SEMARANG 1');
INSERT INTO `box` VALUES ('274', '0', 'SEMARANG 1', 'SEMARANG 1');
INSERT INTO `box` VALUES ('275', '0', 'SEMARANG 1', 'SEMARANG 1');
INSERT INTO `box` VALUES ('276', '0', 'SEMARANG 1', 'SEMARANG 1');
INSERT INTO `box` VALUES ('277', '0', 'SEMARANG 1', 'SEMARANG 1');
INSERT INTO `box` VALUES ('278', '0', 'SEMARANG 1', 'SEMARANG 1');
INSERT INTO `box` VALUES ('279', '0', 'SEMARANG 1', 'SEMARANG 1');
INSERT INTO `box` VALUES ('280', '0', 'SEMARANG 1', 'SEMARANG 1');
INSERT INTO `box` VALUES ('281', '0', 'SEMARANG 1', 'SEMARANG 1');
INSERT INTO `box` VALUES ('282', '0', 'SEMARANG 1', 'SEMARANG 1');
INSERT INTO `box` VALUES ('283', '0', 'SEMARANG 1', 'SEMARANG 1');
INSERT INTO `box` VALUES ('284', '0', 'SEMARANG 1', 'SEMARANG 1');
INSERT INTO `box` VALUES ('285', '0', 'SEMARANG 1', 'SEMARANG 1');
INSERT INTO `box` VALUES ('286', '0', 'SEMARANG 1', 'SEMARANG 1');
INSERT INTO `box` VALUES ('287', '0', 'SEMARANG 1', 'SEMARANG 1');
INSERT INTO `box` VALUES ('288', '0', 'SEMARANG 1', 'SEMARANG 1');
INSERT INTO `box` VALUES ('289', '0', 'SEMARANG 1', 'SEMARANG 1');
INSERT INTO `box` VALUES ('290', '0', 'SEMARANG 1', 'SEMARANG 1');
INSERT INTO `box` VALUES ('291', '0', 'SEMARANG 1', 'SEMARANG 1');
INSERT INTO `box` VALUES ('292', '0', 'SEMARANG 1', 'SEMARANG 1');
INSERT INTO `box` VALUES ('293', '0', 'SEMARANG 1', 'SEMARANG 1');
INSERT INTO `box` VALUES ('294', '0', 'SEMARANG 1', 'SEMARANG 1');
INSERT INTO `box` VALUES ('295', '0', 'SEMARANG 1', 'SEMARANG 1');
INSERT INTO `box` VALUES ('296', '0', 'SEMARANG 1', 'SEMARANG 1');
INSERT INTO `box` VALUES ('297', '0', 'SEMARANG 1', 'SEMARANG 1');
INSERT INTO `box` VALUES ('298', '0', 'SEMARANG 1', 'SEMARANG 1');
INSERT INTO `box` VALUES ('299', '0', 'SEMARANG 1', 'SEMARANG 1');
INSERT INTO `box` VALUES ('300', '0', 'SEMARANG 1', 'SEMARANG 1');
INSERT INTO `box` VALUES ('301', '0', 'SEMARANG 1', 'SEMARANG 1');
INSERT INTO `box` VALUES ('302', '0', 'SEMARANG 1', 'SEMARANG 1');
INSERT INTO `box` VALUES ('303', '0', 'SEMARANG 1', 'SEMARANG 1');
INSERT INTO `box` VALUES ('304', '0', 'SEMARANG 1', 'SEMARANG 1');
INSERT INTO `box` VALUES ('305', '0', 'SEMARANG 1', 'SEMARANG 1');
INSERT INTO `box` VALUES ('306', '0', 'SEMARANG 1', 'SEMARANG 1');
INSERT INTO `box` VALUES ('307', '0', 'SEMARANG 1', 'SEMARANG 1');
INSERT INTO `box` VALUES ('308', '0', 'SEMARANG 1', 'SEMARANG 1');
INSERT INTO `box` VALUES ('309', '0', 'SEMARANG 1', 'SEMARANG 1');
INSERT INTO `box` VALUES ('310', '0', 'SEMARANG 1', 'SEMARANG 1');
INSERT INTO `box` VALUES ('311', '0', 'SEMARANG 1', 'SEMARANG 1');
INSERT INTO `box` VALUES ('312', '0', 'SEMARANG 1', 'SEMARANG 1');
INSERT INTO `box` VALUES ('313', '0', 'SEMARANG 1', 'SEMARANG 1');
INSERT INTO `box` VALUES ('314', '0', 'SEMARANG 1', 'SEMARANG 1');
INSERT INTO `box` VALUES ('315', '0', 'SEMARANG 1', 'SEMARANG 1');
INSERT INTO `box` VALUES ('316', '0', 'SEMARANG 1', 'SEMARANG 1');
INSERT INTO `box` VALUES ('317', '0', 'SEMARANG 1', 'SEMARANG 1');
INSERT INTO `box` VALUES ('318', '0', 'SEMARANG 1', 'SEMARANG 1');
INSERT INTO `box` VALUES ('319', '0', 'SEMARANG 1', 'SEMARANG 1');
INSERT INTO `box` VALUES ('320', '0', 'SEMARANG 1', 'SEMARANG 1');
INSERT INTO `box` VALUES ('321', '0', 'SEMARANG 1', 'SEMARANG 1');
INSERT INTO `box` VALUES ('322', '0', 'SEMARANG 1', 'SEMARANG 1');
INSERT INTO `box` VALUES ('323', '0', 'SEMARANG 1', 'SEMARANG 1');
INSERT INTO `box` VALUES ('324', '0', 'SEMARANG 1', 'SEMARANG 1');
INSERT INTO `box` VALUES ('325', '0', 'SEMARANG 1', 'SEMARANG 1');
INSERT INTO `box` VALUES ('326', '0', 'SEMARANG 1', 'SEMARANG 1');
INSERT INTO `box` VALUES ('327', '0', 'SEMARANG 1', 'SEMARANG 1');
INSERT INTO `box` VALUES ('328', '0', 'SEMARANG 1', 'SEMARANG 1');
INSERT INTO `box` VALUES ('329', '0', 'SEMARANG 1', 'SEMARANG 1');
INSERT INTO `box` VALUES ('330', '0', 'SEMARANG 1', 'SEMARANG 1');
INSERT INTO `box` VALUES ('331', '0', 'SEMARANG 1', 'SEMARANG 1');
INSERT INTO `box` VALUES ('332', '0', 'SEMARANG 1', 'SEMARANG 1');
INSERT INTO `box` VALUES ('333', '0', 'SEMARANG 1', 'SEMARANG 1');
INSERT INTO `box` VALUES ('334', '0', 'SEMARANG 1', 'SEMARANG 1');
INSERT INTO `box` VALUES ('335', '0', 'SEMARANG 1', 'SEMARANG 1');
INSERT INTO `box` VALUES ('336', '0', 'SEMARANG 1', 'SEMARANG 1');
INSERT INTO `box` VALUES ('337', '0', 'SEMARANG 1', 'SEMARANG 1');
INSERT INTO `box` VALUES ('338', '0', 'SEMARANG 1', 'SEMARANG 1');
INSERT INTO `box` VALUES ('339', '0', 'SEMARANG 1', 'SEMARANG 1');
INSERT INTO `box` VALUES ('340', '0', 'SEMARANG 1', 'SEMARANG 1');
INSERT INTO `box` VALUES ('341', '0', 'SEMARANG 1', 'SEMARANG 1');
INSERT INTO `box` VALUES ('342', '0', 'SEMARANG 1', 'SEMARANG 1');
INSERT INTO `box` VALUES ('343', '0', 'SEMARANG 1', 'SEMARANG 1');
INSERT INTO `box` VALUES ('344', '0', 'SEMARANG 1', 'SEMARANG 1');
INSERT INTO `box` VALUES ('345', '0', 'SEMARANG 1', 'SEMARANG 1');
INSERT INTO `box` VALUES ('346', '0', 'SEMARANG 1', 'SEMARANG 1');
INSERT INTO `box` VALUES ('347', '0', 'SEMARANG 1', 'SEMARANG 1');
INSERT INTO `box` VALUES ('348', '0', 'SEMARANG 1', 'SEMARANG 1');
INSERT INTO `box` VALUES ('349', '0', 'SEMARANG 1', 'SEMARANG 1');
INSERT INTO `box` VALUES ('350', '0', 'SEMARANG 1', 'SEMARANG 1');
INSERT INTO `box` VALUES ('351', '0', 'SEMARANG 1', 'SEMARANG 1');
INSERT INTO `box` VALUES ('352', '0', 'SEMARANG 1', 'SEMARANG 1');
INSERT INTO `box` VALUES ('353', '0', 'SEMARANG 1', 'SEMARANG 1');
INSERT INTO `box` VALUES ('354', '0', 'SEMARANG 1', 'SEMARANG 1');
INSERT INTO `box` VALUES ('355', '0', 'SEMARANG 1', 'SEMARANG 1');
INSERT INTO `box` VALUES ('356', '0', 'SEMARANG 1', 'SEMARANG 1');
INSERT INTO `box` VALUES ('357', '0', 'SEMARANG 1', 'SEMARANG 1');
INSERT INTO `box` VALUES ('358', '0', 'SEMARANG 1', 'SEMARANG 1');
INSERT INTO `box` VALUES ('359', '0', 'SEMARANG 1', 'SEMARANG 1');
INSERT INTO `box` VALUES ('360', '0', 'SEMARANG 1', 'SEMARANG 1');
INSERT INTO `box` VALUES ('361', '0', 'SEMARANG 1', 'SEMARANG 1');
INSERT INTO `box` VALUES ('362', '0', 'SEMARANG 1', 'SEMARANG 1');
INSERT INTO `box` VALUES ('363', '0', 'SEMARANG 1', 'SEMARANG 1');
INSERT INTO `box` VALUES ('364', '0', 'SEMARANG 1', 'SEMARANG 1');
INSERT INTO `box` VALUES ('365', '0', 'SEMARANG 1', 'SEMARANG 1');
INSERT INTO `box` VALUES ('366', '0', 'SEMARANG 1', 'SEMARANG 1');
INSERT INTO `box` VALUES ('367', '0', 'SEMARANG 1', 'SEMARANG 1');
INSERT INTO `box` VALUES ('368', '0', 'SEMARANG 1', 'SEMARANG 1');
INSERT INTO `box` VALUES ('369', '0', 'SEMARANG 1', 'SEMARANG 1');
INSERT INTO `box` VALUES ('375', '0', 'SEMARANG 1', 'SEMARANG 1');
INSERT INTO `box` VALUES ('376', '0', 'SEMARANG 1', 'SEMARANG 1');
INSERT INTO `box` VALUES ('377', '0', 'SEMARANG 1', 'SEMARANG 1');
INSERT INTO `box` VALUES ('378', '0', 'SEMARANG 1', 'SEMARANG 1');
INSERT INTO `box` VALUES ('379', '0', 'SEMARANG 1', 'SEMARANG 1');
INSERT INTO `box` VALUES ('380', '0', 'SEMARANG 1', 'SEMARANG 1');
INSERT INTO `box` VALUES ('381', '0', 'SEMARANG 1', 'SEMARANG 1');
INSERT INTO `box` VALUES ('382', '0', 'SEMARANG 1', 'SEMARANG 1');
INSERT INTO `box` VALUES ('383', '0', 'SEMARANG 1', 'SEMARANG 1');
INSERT INTO `box` VALUES ('384', '0', 'SEMARANG 1', 'SEMARANG 1');
INSERT INTO `box` VALUES ('385', '0', 'SEMARANG 1', 'SEMARANG 1');
INSERT INTO `box` VALUES ('386', '0', 'SEMARANG 1', 'SEMARANG 1');
INSERT INTO `box` VALUES ('387', '0', 'SEMARANG 1', 'SEMARANG 1');
INSERT INTO `box` VALUES ('388', '0', 'SEMARANG 1', 'SEMARANG 1');
INSERT INTO `box` VALUES ('389', '0', 'SEMARANG 1', 'SEMARANG 1');
INSERT INTO `box` VALUES ('390', '0', 'SEMARANG 1', 'SEMARANG 1');
INSERT INTO `box` VALUES ('391', '0', 'SEMARANG 1', 'SEMARANG 1');
INSERT INTO `box` VALUES ('392', '0', 'SEMARANG 1', 'SEMARANG 1');
INSERT INTO `box` VALUES ('393', '0', 'SEMARANG 1', 'SEMARANG 1');
INSERT INTO `box` VALUES ('394', '0', 'SEMARANG 1', 'SEMARANG 1');
INSERT INTO `box` VALUES ('395', '0', 'SEMARANG 1', 'SEMARANG 1');
INSERT INTO `box` VALUES ('396', '0', 'SEMARANG 1', 'SEMARANG 1');
INSERT INTO `box` VALUES ('397', '0', 'SEMARANG 1', 'SEMARANG 1');
INSERT INTO `box` VALUES ('398', '0', 'SEMARANG 1', 'SEMARANG 1');
INSERT INTO `box` VALUES ('399', '0', 'SEMARANG 1', 'SEMARANG 1');
INSERT INTO `box` VALUES ('400', '0', 'SEMARANG 1', 'SEMARANG 1');
INSERT INTO `box` VALUES ('401', '0', 'SEMARANG 1', 'SEMARANG 1');
INSERT INTO `box` VALUES ('402', '0', 'SEMARANG 1', 'SEMARANG 1');
INSERT INTO `box` VALUES ('403', '0', 'SEMARANG 1', 'SEMARANG 1');
INSERT INTO `box` VALUES ('404', '0', 'SEMARANG 1', 'SEMARANG 1');
INSERT INTO `box` VALUES ('405', '0', 'SEMARANG 1', 'SEMARANG 1');
INSERT INTO `box` VALUES ('406', '0', 'SEMARANG 1', 'SEMARANG 1');
INSERT INTO `box` VALUES ('407', '0', 'SEMARANG 1', 'SEMARANG 1');
INSERT INTO `box` VALUES ('408', '0', 'SEMARANG 1', 'SEMARANG 1');
INSERT INTO `box` VALUES ('409', '0', 'SEMARANG 1', 'SEMARANG 1');
INSERT INTO `box` VALUES ('410', '0', 'SEMARANG 1', 'SEMARANG 1');
INSERT INTO `box` VALUES ('411', '0', 'SEMARANG 1', 'SEMARANG 1');
INSERT INTO `box` VALUES ('412', '0', 'SEMARANG 1', 'SEMARANG 1');
INSERT INTO `box` VALUES ('413', '0', 'SEMARANG 1', 'SEMARANG 1');
INSERT INTO `box` VALUES ('414', '0', 'SEMARANG 1', 'SEMARANG 1');
INSERT INTO `box` VALUES ('415', '0', 'SEMARANG 1', 'SEMARANG 1');
INSERT INTO `box` VALUES ('416', '0', 'SEMARANG 1', 'SEMARANG 1');
INSERT INTO `box` VALUES ('417', '0', 'SEMARANG 1', 'SEMARANG 1');
INSERT INTO `box` VALUES ('418', '0', 'SEMARANG 1', 'SEMARANG 1');
INSERT INTO `box` VALUES ('419', '0', 'SEMARANG 1', 'SEMARANG 1');
INSERT INTO `box` VALUES ('420', '0', 'SEMARANG 1', 'SEMARANG 1');
INSERT INTO `box` VALUES ('421', '0', 'SEMARANG 1', 'SEMARANG 1');
INSERT INTO `box` VALUES ('422', '0', 'SEMARANG 1', 'SEMARANG 1');
INSERT INTO `box` VALUES ('423', '0', 'SEMARANG 1', 'SEMARANG 1');
INSERT INTO `box` VALUES ('424', '0', 'SEMARANG 1', 'SEMARANG 1');
INSERT INTO `box` VALUES ('425', '0', 'SEMARANG 1', 'SEMARANG 1');
INSERT INTO `box` VALUES ('426', '0', 'SEMARANG 1', 'SEMARANG 1');
INSERT INTO `box` VALUES ('427', '0', 'SEMARANG 1', 'SEMARANG 1');
INSERT INTO `box` VALUES ('428', '0', 'SEMARANG 1', 'SEMARANG 1');
INSERT INTO `box` VALUES ('429', '0', 'SEMARANG 1', 'SEMARANG 1');
INSERT INTO `box` VALUES ('430', '0', 'SEMARANG 1', 'SEMARANG 1');
INSERT INTO `box` VALUES ('431', '0', 'SEMARANG 1', 'SEMARANG 1');
INSERT INTO `box` VALUES ('432', '0', 'SEMARANG 1', 'SEMARANG 1');
INSERT INTO `box` VALUES ('370', '0', 'SEMARANG 1', 'SEMARANG 1');
INSERT INTO `box` VALUES ('371', '0', 'SEMARANG 1', 'SEMARANG 1');
INSERT INTO `box` VALUES ('372', '0', 'SEMARANG 1', 'SEMARANG 1');
INSERT INTO `box` VALUES ('373', '0', 'SEMARANG 1', 'SEMARANG 1');
INSERT INTO `box` VALUES ('374', '0', 'SEMARANG 1', 'SEMARANG 1');
INSERT INTO `box` VALUES ('433', '0', 'SEMARANG 1', 'SEMARANG 1');
INSERT INTO `box` VALUES ('434', '0', 'SEMARANG 1', 'SEMARANG 1');
INSERT INTO `box` VALUES ('435', '0', 'SEMARANG 1', 'SEMARANG 1');
INSERT INTO `box` VALUES ('436', '0', 'SEMARANG 1', 'SEMARANG 1');
INSERT INTO `box` VALUES ('437', '0', 'SEMARANG 1', 'SEMARANG 1');
INSERT INTO `box` VALUES ('438', '0', 'SEMARANG 1', 'SEMARANG 1');
INSERT INTO `box` VALUES ('439', '0', 'SEMARANG 1', 'SEMARANG 1');
INSERT INTO `box` VALUES ('440', '0', 'SEMARANG 1', 'SEMARANG 1');
INSERT INTO `box` VALUES ('441', '0', 'SEMARANG 1', 'SEMARANG 1');
INSERT INTO `box` VALUES ('443', '0', 'SEMARANG 1', 'SEMARANG 1');
INSERT INTO `box` VALUES ('444', '0', 'SEMARANG 1', 'SEMARANG 1');
INSERT INTO `box` VALUES ('445', '0', 'SEMARANG 1', 'SEMARANG 1');
INSERT INTO `box` VALUES ('446', '0', 'SEMARANG 1', 'SEMARANG 1');
INSERT INTO `box` VALUES ('447', '0', 'SEMARANG 1', 'SEMARANG 1');
INSERT INTO `box` VALUES ('448', '0', 'SEMARANG 1', 'SEMARANG 1');
INSERT INTO `box` VALUES ('449', '0', 'SEMARANG 1', 'SEMARANG 1');
INSERT INTO `box` VALUES ('450', '0', 'SEMARANG 1', 'SEMARANG 1');
INSERT INTO `box` VALUES ('451', '0', 'SEMARANG 1', 'SEMARANG 1');
INSERT INTO `box` VALUES ('452', '0', 'SEMARANG 1', 'SEMARANG 1');
INSERT INTO `box` VALUES ('453', '0', 'SEMARANG 1', 'SEMARANG 1');
INSERT INTO `box` VALUES ('454', '0', 'SEMARANG 1', 'SEMARANG 1');
INSERT INTO `box` VALUES ('455', '0', 'SEMARANG 1', 'SEMARANG 1');
INSERT INTO `box` VALUES ('456', '0', 'SEMARANG 1', 'SEMARANG 1');
INSERT INTO `box` VALUES ('457', '0', 'SEMARANG 1', 'SEMARANG 1');
INSERT INTO `box` VALUES ('458', '0', 'SEMARANG 1', 'SEMARANG 1');
INSERT INTO `box` VALUES ('459', '0', 'SEMARANG 1', 'SEMARANG 1');
INSERT INTO `box` VALUES ('460', '0', 'SEMARANG 1', 'SEMARANG 1');
INSERT INTO `box` VALUES ('461', '0', 'SEMARANG 1', 'SEMARANG 1');
INSERT INTO `box` VALUES ('462', '0', 'SEMARANG 1', 'SEMARANG 1');
INSERT INTO `box` VALUES ('463', '0', 'SEMARANG 1', 'SEMARANG 1');
INSERT INTO `box` VALUES ('464', '0', 'SEMARANG 1', 'SEMARANG 1');
INSERT INTO `box` VALUES ('465', '0', 'SEMARANG 1', 'SEMARANG 1');
INSERT INTO `box` VALUES ('466', '0', 'SEMARANG 1', 'SEMARANG 1');
INSERT INTO `box` VALUES ('467', '0', 'SEMARANG 1', 'SEMARANG 1');
INSERT INTO `box` VALUES ('468', '0', 'SEMARANG 1', 'SEMARANG 1');
INSERT INTO `box` VALUES ('469', '0', 'RAK 1 A 1', 'SOLO');
INSERT INTO `box` VALUES ('470', '0', 'RAK 1 A 2', 'SOLO');
INSERT INTO `box` VALUES ('471', '0', 'RAK 1 A 3', 'SOLO');
INSERT INTO `box` VALUES ('472', '0', 'RAK 1 A 4', 'SOLO');
INSERT INTO `box` VALUES ('473', '0', 'RAK 1 A 5', 'SOLO');

-- ----------------------------
-- Table structure for `boxdetail`
-- ----------------------------
DROP TABLE IF EXISTS `boxdetail`;
CREATE TABLE `boxdetail` (
  `nobox` int(11) DEFAULT NULL,
  `snedc` varchar(255) DEFAULT NULL,
  `email` varchar(128) DEFAULT NULL
) ENGINE=MyISAM DEFAULT CHARSET=latin1;

-- ----------------------------
-- Records of boxdetail
-- ----------------------------

-- ----------------------------
-- Table structure for `customer`
-- ----------------------------
DROP TABLE IF EXISTS `customer`;
CREATE TABLE `customer` (
  `id` int(11) NOT NULL AUTO_INCREMENT,
  `customer` varchar(255) DEFAULT NULL,
  PRIMARY KEY (`id`)
) ENGINE=MyISAM AUTO_INCREMENT=13 DEFAULT CHARSET=latin1;

-- ----------------------------
-- Records of customer
-- ----------------------------
INSERT INTO `customer` VALUES ('1', 'MANDIRI');
INSERT INTO `customer` VALUES ('2', 'CIMB NIAGA');
INSERT INTO `customer` VALUES ('3', 'BRI');
INSERT INTO `customer` VALUES ('4', 'PERMATA');
INSERT INTO `customer` VALUES ('5', 'MEGA');
INSERT INTO `customer` VALUES ('6', 'BNI');
INSERT INTO `customer` VALUES ('9', 'OVO');
INSERT INTO `customer` VALUES ('10', 'MAYAPADA');

-- ----------------------------
-- Table structure for `device`
-- ----------------------------
DROP TABLE IF EXISTS `device`;
CREATE TABLE `device` (
  `id_device` int(11) NOT NULL AUTO_INCREMENT,
  `sndevice` varchar(50) NOT NULL DEFAULT '',
  `nama_device` varchar(50) DEFAULT NULL,
  `product` varchar(20) DEFAULT NULL,
  `customer` varchar(30) DEFAULT NULL,
  `servicepoint` varchar(20) DEFAULT NULL,
  `kondisi` varchar(10) DEFAULT NULL,
  `status` varchar(20) DEFAULT NULL,
  `keterangan` varchar(225) DEFAULT NULL,
  PRIMARY KEY (`id_device`)
) ENGINE=MyISAM AUTO_INCREMENT=259 DEFAULT CHARSET=latin1;

-- ----------------------------
-- Records of device
-- ----------------------------

-- ----------------------------
-- Table structure for `devicedetail`
-- ----------------------------
DROP TABLE IF EXISTS `devicedetail`;
CREATE TABLE `devicedetail` (
  `sndevice` varchar(50) DEFAULT NULL,
  `prosesor` varchar(10) DEFAULT NULL,
  `mainboard` varchar(10) DEFAULT NULL,
  `psu` varchar(10) DEFAULT NULL,
  `hardisk` varchar(10) DEFAULT NULL,
  `ram` varchar(10) DEFAULT NULL,
  `mouse` varchar(10) DEFAULT NULL,
  `keyboard` varchar(10) DEFAULT NULL,
  `kabelpower` varchar(10) DEFAULT NULL,
  `kabeldata` varchar(10) DEFAULT NULL
) ENGINE=MyISAM DEFAULT CHARSET=latin1;

-- ----------------------------
-- Records of devicedetail
-- ----------------------------

-- ----------------------------
-- Table structure for `edc`
-- ----------------------------
DROP TABLE IF EXISTS `edc`;
CREATE TABLE `edc` (
  `nobox` int(11) DEFAULT NULL,
  `snedc` varchar(255) NOT NULL DEFAULT '',
  `snsimcard` varchar(255) DEFAULT NULL,
  `snsamcard` varchar(255) DEFAULT NULL,
  `product` varchar(255) DEFAULT NULL,
  `merchant` varchar(255) DEFAULT NULL,
  `customer` varchar(255) DEFAULT NULL,
  `owner` varchar(255) DEFAULT NULL,
  `servicepoint` varchar(255) DEFAULT NULL,
  `status` varchar(255) DEFAULT NULL,
  `keterangan` varchar(255) DEFAULT NULL,
  PRIMARY KEY (`snedc`)
) ENGINE=MyISAM DEFAULT CHARSET=latin1;

-- ----------------------------
-- Records of edc
-- ----------------------------

-- ----------------------------
-- Table structure for `historidevice`
-- ----------------------------
DROP TABLE IF EXISTS `historidevice`;
CREATE TABLE `historidevice` (
  `sndevice` varchar(50) DEFAULT NULL,
  `tanggal` int(11) DEFAULT NULL,
  `servicepoint` varchar(128) DEFAULT NULL,
  `action` varchar(128) DEFAULT NULL,
  `keterangan` varchar(225) DEFAULT NULL,
  `email` varchar(128) DEFAULT NULL
) ENGINE=MyISAM DEFAULT CHARSET=latin1;

-- ----------------------------
-- Records of historidevice
-- ----------------------------

-- ----------------------------
-- Table structure for `historiedc`
-- ----------------------------
DROP TABLE IF EXISTS `historiedc`;
CREATE TABLE `historiedc` (
  `snedc` varchar(50) DEFAULT NULL,
  `tanggal` int(11) DEFAULT NULL,
  `servicepoint` varchar(20) DEFAULT NULL,
  `action` varchar(15) DEFAULT NULL,
  `keterangan` varchar(255) DEFAULT NULL,
  `email` varchar(128) DEFAULT NULL
) ENGINE=MyISAM DEFAULT CHARSET=latin1;

-- ----------------------------
-- Records of historiedc
-- ----------------------------

-- ----------------------------
-- Table structure for `kategoridevice`
-- ----------------------------
DROP TABLE IF EXISTS `kategoridevice`;
CREATE TABLE `kategoridevice` (
  `id_kategori` int(11) NOT NULL AUTO_INCREMENT,
  `kategori` varchar(30) DEFAULT NULL,
  PRIMARY KEY (`id_kategori`)
) ENGINE=MyISAM AUTO_INCREMENT=13 DEFAULT CHARSET=latin1;

-- ----------------------------
-- Records of kategoridevice
-- ----------------------------
INSERT INTO `kategoridevice` VALUES ('1', 'MONITOR');
INSERT INTO `kategoridevice` VALUES ('2', 'CPU');
INSERT INTO `kategoridevice` VALUES ('3', 'PRINTER');
INSERT INTO `kategoridevice` VALUES ('4', 'POS');
INSERT INTO `kategoridevice` VALUES ('5', 'HDD EXTERNAL');
INSERT INTO `kategoridevice` VALUES ('6', 'HDD INTERNAL');
INSERT INTO `kategoridevice` VALUES ('7', 'UPS');
INSERT INTO `kategoridevice` VALUES ('8', 'TOOLS');
INSERT INTO `kategoridevice` VALUES ('9', 'PRINTER DOTMATRIX');
INSERT INTO `kategoridevice` VALUES ('10', 'TABLET');
INSERT INTO `kategoridevice` VALUES ('11', 'DVD PORTABLE');
INSERT INTO `kategoridevice` VALUES ('12', 'PSU');

-- ----------------------------
-- Table structure for `member`
-- ----------------------------
DROP TABLE IF EXISTS `member`;
CREATE TABLE `member` (
  `id` int(11) NOT NULL AUTO_INCREMENT,
  `kpt` varchar(255) DEFAULT '',
  `sae` varchar(255) DEFAULT NULL,
  `servicepoint` varchar(255) DEFAULT NULL,
  PRIMARY KEY (`id`)
) ENGINE=MyISAM AUTO_INCREMENT=48 DEFAULT CHARSET=latin1;

-- ----------------------------
-- Records of member
-- ----------------------------
INSERT INTO `member` VALUES ('1', 'T1025', 'ARIEF RAHMAN', 'BANDUNG 3');
INSERT INTO `member` VALUES ('2', 'T1398', 'ANGGA RAHMAWAN', 'BANDUNG 3');
INSERT INTO `member` VALUES ('3', 'T1110', 'SAIFUL ROJAHKI', 'BANDUNG 3');
INSERT INTO `member` VALUES ('4', 'T1566', 'ZULHADI SAPUTRO', 'BANDUNG 3');
INSERT INTO `member` VALUES ('5', 'T2061', 'DEPI MULYANA', 'BANDUNG 3');
INSERT INTO `member` VALUES ('6', 'T1901', 'HERVAN PRATAMA', 'BANDUNG 1');
INSERT INTO `member` VALUES ('7', 'T1687', 'YUSUP KAR SINJA', 'BANDUNG 1');
INSERT INTO `member` VALUES ('8', 'T2115', 'GILAR DARMAWAN', 'BANDUNG 1');
INSERT INTO `member` VALUES ('9', 'T1654', 'KOSASIH', 'BANDUNG 1');
INSERT INTO `member` VALUES ('10', 'T1653', 'HADIAN', 'BANDUNG 1');
INSERT INTO `member` VALUES ('11', 'T1043', 'RONI KOSWARA', 'BANDUNG 1');
INSERT INTO `member` VALUES ('12', 'T1034', 'HENDRA PERMANA', 'BANDUNG 1');
INSERT INTO `member` VALUES ('13', 'T2049', 'BUDI MULYONO', 'BANDUNG 1');
INSERT INTO `member` VALUES ('14', 'T1935', 'M DANIEL ANUGRAH', 'BANDUNG 1');
INSERT INTO `member` VALUES ('15', 'T1612', 'KHOIRUL HUDA', 'BANDUNG 1');
INSERT INTO `member` VALUES ('16', 'T2047', 'DADANG HENDRA', 'BANDUNG 2');
INSERT INTO `member` VALUES ('17', 'T1690', 'BAYU GALIH PERMANA', 'BANDUNG 2');
INSERT INTO `member` VALUES ('18', 'T1652', 'DICKY DARMAWAN', 'BANDUNG 2');
INSERT INTO `member` VALUES ('19', 'T1049', 'YULIANTO', 'BANDUNG 2');
INSERT INTO `member` VALUES ('20', 'T1038', 'NANANG SUPRIATNA', 'BANDUNG 2');
INSERT INTO `member` VALUES ('21', 'T1028', 'BAMBANG WIDJANARKO', 'BANDUNG 2');
INSERT INTO `member` VALUES ('22', 'T2048', 'HENDRA NUGRAHA', 'BANDUNG 2');
INSERT INTO `member` VALUES ('23', 'T1560', 'ASEP SUKMANA', 'BANDUNG 2');
INSERT INTO `member` VALUES ('24', 'T1567', 'GILANG ADIMULYA', 'BANDUNG 3');
INSERT INTO `member` VALUES ('25', 'T1763', 'MUHAMMAD RIDWAN SETIAJI', 'BANDUNG 3');
INSERT INTO `member` VALUES ('26', 'T1688', 'USEP KOMARA', 'BANDUNG 4');
INSERT INTO `member` VALUES ('27', 'T1568', 'ADITYO INDARTO', 'BANDUNG 4');
INSERT INTO `member` VALUES ('28', 'T1048', 'YANUAR RAHMAT', 'BANDUNG 4');
INSERT INTO `member` VALUES ('29', 'T2423', 'INDRI RUBIANTINI', 'BANDUNG 1');
INSERT INTO `member` VALUES ('30', 'T2422', 'IYENG ARIS KUSUMAH', 'BANDUNG 1');
INSERT INTO `member` VALUES ('31', 'T2421', 'MOH KHUSEN', 'BANDUNG1');
INSERT INTO `member` VALUES ('32', 'T1039', 'NANDHI KRISNA', 'BANDUNG 4');
INSERT INTO `member` VALUES ('33', 'T2273', 'ULUM MAULLANA', 'BANDUNG 1');
INSERT INTO `member` VALUES ('34', 'T2465', 'DIKI HERMANSYAH', 'BANDUNG 4');
INSERT INTO `member` VALUES ('35', 'T2464', 'DEDEN DENY HAERUDIN', 'BANDUNG 2');
INSERT INTO `member` VALUES ('36', 'T2524', 'FATHU ROHMAN JAELANI', 'BANDUNG 2');
INSERT INTO `member` VALUES ('37', 'T2656', 'RICKY PRINALDI', 'BANDUNG 3');
INSERT INTO `member` VALUES ('38', 'T2655', 'ANTON PRIHARTONO', 'BANDUNG 2');
INSERT INTO `member` VALUES ('39', 'T2544', 'FIDI ARDIAN', '- PILIH SP -');
INSERT INTO `member` VALUES ('40', 'T2654', 'DYAN KRISTIANA', '- PILIH SP -');
INSERT INTO `member` VALUES ('41', 'T2500', 'KIKI FAKHRI DERMAWAN', '- PILIH SP -');
INSERT INTO `member` VALUES ('42', 'T1032', 'DANA SUTISNA', 'CIMAHI');
INSERT INTO `member` VALUES ('43', 'T2627', 'ABAS MULYANA', 'BANDUNG 4');
INSERT INTO `member` VALUES ('44', 'T2629', 'DIAN KRISDIANTI', 'BANDUNG 1');
INSERT INTO `member` VALUES ('45', 'T1216', 'GINAN ABDUL WAHID', 'BANDUNG 1');
INSERT INTO `member` VALUES ('46', 'T1029', 'BUDI HARJO', 'BANDUNG 2');
INSERT INTO `member` VALUES ('47', 'T1030', 'BUDI RAMDANI', 'SUBANG');

-- ----------------------------
-- Table structure for `owner`
-- ----------------------------
DROP TABLE IF EXISTS `owner`;
CREATE TABLE `owner` (
  `id` int(11) NOT NULL AUTO_INCREMENT,
  `owner` varchar(30) DEFAULT NULL,
  PRIMARY KEY (`id`)
) ENGINE=MyISAM AUTO_INCREMENT=22 DEFAULT CHARSET=latin1;

-- ----------------------------
-- Records of owner
-- ----------------------------
INSERT INTO `owner` VALUES ('1', 'MEGA');
INSERT INTO `owner` VALUES ('2', 'BRI');
INSERT INTO `owner` VALUES ('3', 'KARTUKU');
INSERT INTO `owner` VALUES ('4', 'NERA');
INSERT INTO `owner` VALUES ('5', 'PVS');
INSERT INTO `owner` VALUES ('6', 'VISIONET');
INSERT INTO `owner` VALUES ('7', 'SMARTWEB');
INSERT INTO `owner` VALUES ('8', 'BNI');
INSERT INTO `owner` VALUES ('9', 'CIMB');
INSERT INTO `owner` VALUES ('10', 'PT SRIKANDI');
INSERT INTO `owner` VALUES ('11', 'PERMATA');
INSERT INTO `owner` VALUES ('19', 'INPUTRONIK');

-- ----------------------------
-- Table structure for `ownerdevice`
-- ----------------------------
DROP TABLE IF EXISTS `ownerdevice`;
CREATE TABLE `ownerdevice` (
  `owner` varchar(50) DEFAULT NULL
) ENGINE=MyISAM DEFAULT CHARSET=latin1;

-- ----------------------------
-- Records of ownerdevice
-- ----------------------------
INSERT INTO `ownerdevice` VALUES ('BANDUNG 1');
INSERT INTO `ownerdevice` VALUES ('BANDUNG 2');
INSERT INTO `ownerdevice` VALUES ('BANK MANDIRI');
INSERT INTO `ownerdevice` VALUES ('APL');
INSERT INTO `ownerdevice` VALUES ('BANDUNG 3');
INSERT INTO `ownerdevice` VALUES ('BANDUNG 4');
INSERT INTO `ownerdevice` VALUES ('CIMB');
INSERT INTO `ownerdevice` VALUES ('BJB');

-- ----------------------------
-- Table structure for `product`
-- ----------------------------
DROP TABLE IF EXISTS `product`;
CREATE TABLE `product` (
  `id` int(11) NOT NULL AUTO_INCREMENT,
  `product` varchar(255) DEFAULT NULL,
  `kategori` varchar(128) DEFAULT NULL,
  PRIMARY KEY (`id`)
) ENGINE=MyISAM AUTO_INCREMENT=48 DEFAULT CHARSET=latin1;

-- ----------------------------
-- Records of product
-- ----------------------------
INSERT INTO `product` VALUES ('1', 'INGENICO EFT 930G CONTACTLESS', 'EDC');
INSERT INTO `product` VALUES ('2', 'HYPERCOM M2100', 'EDC');
INSERT INTO `product` VALUES ('3', 'HYPERCOM M4230', 'EDC');
INSERT INTO `product` VALUES ('4', 'HYPERCOM T2100', 'EDC');
INSERT INTO `product` VALUES ('5', 'HYPERCOM T4205', 'EDC');
INSERT INTO `product` VALUES ('6', 'HYPERCOM T4210', 'EDC');
INSERT INTO `product` VALUES ('7', 'HYPERCOM T4230', 'EDC');
INSERT INTO `product` VALUES ('8', 'INGENICO EFT 930G', 'EDC');
INSERT INTO `product` VALUES ('9', 'INGENICO EFT 930G Color', 'EDC');
INSERT INTO `product` VALUES ('10', 'INGENICO EFT Smart EM', 'EDC');
INSERT INTO `product` VALUES ('11', 'INGENICO IWL 220', 'EDC');
INSERT INTO `product` VALUES ('12', 'VERIFONE OMNI 510', 'EDC');
INSERT INTO `product` VALUES ('13', 'VERIFONE OMNI 610', 'EDC');
INSERT INTO `product` VALUES ('14', 'VERIFONE VX520 FIXED LINE', 'EDC');
INSERT INTO `product` VALUES ('15', 'VERIFONE VX520 GPRS', 'EDC');
INSERT INTO `product` VALUES ('16', 'VERIFONE VX520 INTEGRATED DONGLE', 'EDC');
INSERT INTO `product` VALUES ('17', 'INGENICO ICT 220 GEM ', 'EDC');
INSERT INTO `product` VALUES ('18', 'INGENICO ICT 220 EM', 'EDC');
INSERT INTO `product` VALUES ('19', 'INGENICO ICT 220 PM', 'EDC');
INSERT INTO `product` VALUES ('20', 'INGENICO ICT 220 GEM CONTACTLESS', 'EDC');
INSERT INTO `product` VALUES ('21', 'ICT220 PM', 'EDC');
INSERT INTO `product` VALUES ('22', 'INGENICO 930 W', 'EDC');
INSERT INTO `product` VALUES ('23', 'VERIFONE VX 510', 'EDC');
INSERT INTO `product` VALUES ('24', 'INGENICO EFT 930W', 'EDC');
INSERT INTO `product` VALUES ('25', 'EDC PAX S80 GEM CL', 'EDC');
INSERT INTO `product` VALUES ('26', 'INGENICO ICT 250 3G', 'EDC');
INSERT INTO `product` VALUES ('27', 'R50 CONTACTLESS READER', 'EDC');
INSERT INTO `product` VALUES ('28', 'DONGLE VIVOPAY 5000', 'EDC');
INSERT INTO `product` VALUES ('29', 'GEMALTO', 'EDC');
INSERT INTO `product` VALUES ('30', 'GEMALTO MAGIC 3X SERIES ', 'EDC');
INSERT INTO `product` VALUES ('31', 'INGENICO EFT 930W', 'EDC');
INSERT INTO `product` VALUES ('32', 'HYPERCOM T4220\r\n', 'EDC');
INSERT INTO `product` VALUES ('33', 'GEMALTO MAGIC 3C SERIES', 'EDC');
INSERT INTO `product` VALUES ('34', 'EDC VERIFONE VX520, 3G', 'EDC');
INSERT INTO `product` VALUES ('35', 'VERIFONE OMNI 510 G', 'EDC');
INSERT INTO `product` VALUES ('36', 'DONGLE VIVOPAY 5500', 'EDC');
INSERT INTO `product` VALUES ('37', 'INGENICO IWL 220 NON BASE', 'EDC');
INSERT INTO `product` VALUES ('40', 'PAX D210 H', 'EDC');
INSERT INTO `product` VALUES ('42', 'Monitor', 'DSN');
INSERT INTO `product` VALUES ('43', 'CPU', 'DSN');
INSERT INTO `product` VALUES ('44', 'Printer', 'DSN');
INSERT INTO `product` VALUES ('46', 'Laptop', 'DSN');

-- ----------------------------
-- Table structure for `service_point`
-- ----------------------------
DROP TABLE IF EXISTS `service_point`;
CREATE TABLE `service_point` (
  `id` int(11) NOT NULL AUTO_INCREMENT,
  `servicepoint` varchar(255) DEFAULT NULL,
  PRIMARY KEY (`id`)
) ENGINE=MyISAM AUTO_INCREMENT=36 DEFAULT CHARSET=latin1;

-- ----------------------------
-- Records of service_point
-- ----------------------------
INSERT INTO `service_point` VALUES ('1', 'SEMARANG 1');
INSERT INTO `service_point` VALUES ('2', 'SOLO');

-- ----------------------------
-- Table structure for `user`
-- ----------------------------
DROP TABLE IF EXISTS `user`;
CREATE TABLE `user` (
  `id` int(11) NOT NULL AUTO_INCREMENT,
  `name` varchar(128) DEFAULT NULL,
  `email` varchar(128) DEFAULT NULL,
  `image` varchar(128) DEFAULT NULL,
  `password` varchar(255) DEFAULT NULL,
  `role_id` int(11) DEFAULT NULL,
  `is_active` int(11) DEFAULT NULL,
  `date_created` int(11) DEFAULT NULL,
  `servicepoint` varchar(128) DEFAULT NULL,
  PRIMARY KEY (`id`)
) ENGINE=InnoDB AUTO_INCREMENT=22 DEFAULT CHARSET=latin1;

-- ----------------------------
-- Records of user
-- ----------------------------
INSERT INTO `user` VALUES ('1', 'Saiful Rojahki', 'saiful.rojahki@yahoo.co.id', '1532321830143.jpg', '$2y$10$1gbmbb1E9iRdtZ0fRq.2m.WQGq8ueAOkAQ8ckPhETC9h2TorhQdTu', '1', '1', '1553727803', 'ADMIN');
INSERT INTO `user` VALUES ('2', 'Rini Mirawati', 'rinimirawati@gmail.com', 'rini.jpg', '$2y$10$FmaE5hoPw75ZZr9/iJtqceVLEj/ai1aHborqwXL4i1w1ZdCczvJuW', '2', '1', '1553728491', 'SEMARANG 1');
INSERT INTO `user` VALUES ('14', 'Wong Cirebon', 's.rojahkiz@gmail.com', 'default.jpg', '$2y$10$o7kzl.kcx8Nf2s7HO7claev/ViLIEBvUBCSj0bYI/UIZnwPRMHH0C', '2', '1', '1554734687', 'SOLO');

-- ----------------------------
-- Table structure for `user_access_menu`
-- ----------------------------
DROP TABLE IF EXISTS `user_access_menu`;
CREATE TABLE `user_access_menu` (
  `id` int(11) NOT NULL AUTO_INCREMENT,
  `role_id` int(11) DEFAULT NULL,
  `menu_id` int(11) DEFAULT NULL,
  PRIMARY KEY (`id`)
) ENGINE=InnoDB AUTO_INCREMENT=18 DEFAULT CHARSET=latin1;

-- ----------------------------
-- Records of user_access_menu
-- ----------------------------
INSERT INTO `user_access_menu` VALUES ('1', '1', '1');
INSERT INTO `user_access_menu` VALUES ('4', '1', '3');
INSERT INTO `user_access_menu` VALUES ('5', '1', '4');
INSERT INTO `user_access_menu` VALUES ('7', '2', '5');
INSERT INTO `user_access_menu` VALUES ('12', '0', '5');
INSERT INTO `user_access_menu` VALUES ('14', '1', '28');
INSERT INTO `user_access_menu` VALUES ('15', '2', '2');
INSERT INTO `user_access_menu` VALUES ('16', '1', '2');

-- ----------------------------
-- Table structure for `user_menu`
-- ----------------------------
DROP TABLE IF EXISTS `user_menu`;
CREATE TABLE `user_menu` (
  `id` int(11) NOT NULL AUTO_INCREMENT,
  `menu` varchar(128) DEFAULT NULL,
  PRIMARY KEY (`id`)
) ENGINE=InnoDB AUTO_INCREMENT=29 DEFAULT CHARSET=latin1;

-- ----------------------------
-- Records of user_menu
-- ----------------------------
INSERT INTO `user_menu` VALUES ('1', 'Admin');
INSERT INTO `user_menu` VALUES ('2', 'User');
INSERT INTO `user_menu` VALUES ('3', 'Menu');
INSERT INTO `user_menu` VALUES ('5', 'Logistic');
INSERT INTO `user_menu` VALUES ('16', 'Report');
INSERT INTO `user_menu` VALUES ('28', 'Master');

-- ----------------------------
-- Table structure for `user_role`
-- ----------------------------
DROP TABLE IF EXISTS `user_role`;
CREATE TABLE `user_role` (
  `id` int(11) NOT NULL AUTO_INCREMENT,
  `role` varchar(128) DEFAULT NULL,
  PRIMARY KEY (`id`)
) ENGINE=InnoDB AUTO_INCREMENT=3 DEFAULT CHARSET=latin1;

-- ----------------------------
-- Records of user_role
-- ----------------------------
INSERT INTO `user_role` VALUES ('1', 'Administrator');
INSERT INTO `user_role` VALUES ('2', 'Member');

-- ----------------------------
-- Table structure for `user_sub_menu`
-- ----------------------------
DROP TABLE IF EXISTS `user_sub_menu`;
CREATE TABLE `user_sub_menu` (
  `id` int(11) NOT NULL AUTO_INCREMENT,
  `menu_id` int(11) DEFAULT NULL,
  `title` varchar(128) DEFAULT NULL,
  `url` varchar(128) DEFAULT NULL,
  `icon` varchar(128) DEFAULT NULL,
  `is_active` int(1) DEFAULT NULL,
  PRIMARY KEY (`id`)
) ENGINE=InnoDB AUTO_INCREMENT=25 DEFAULT CHARSET=latin1;

-- ----------------------------
-- Records of user_sub_menu
-- ----------------------------
INSERT INTO `user_sub_menu` VALUES ('1', '1', 'Dasboard', 'admin', 'fas fa-fw fa-tachometer-alt', '1');
INSERT INTO `user_sub_menu` VALUES ('2', '2', 'My Profile', 'user', 'fas fa-fw fa-users', '1');
INSERT INTO `user_sub_menu` VALUES ('3', '2', 'Edit Profile', 'user/editprofile', 'fas fa-fw fa-user-edit', '1');
INSERT INTO `user_sub_menu` VALUES ('4', '3', 'Menu Management', 'menu', 'fas fa-fw fa-folder', '1');
INSERT INTO `user_sub_menu` VALUES ('5', '3', 'SubMenu Management', 'menu/submenu', 'fas fa-fw fa-folder-open', '1');
INSERT INTO `user_sub_menu` VALUES ('8', '1', 'Role', 'admin/role', 'fas fa-fw fa-user-tie', '1');
INSERT INTO `user_sub_menu` VALUES ('9', '2', 'Change Password', 'user/changepassword', 'fas fa-fw fa-key', '1');
INSERT INTO `user_sub_menu` VALUES ('14', '16', 'Stock', 'report', 'fas fa-fw fa-book-open', '1');
INSERT INTO `user_sub_menu` VALUES ('15', '5', 'EDC', 'logistic/edc', 'fas fa-fw fa-warehouse', '1');
INSERT INTO `user_sub_menu` VALUES ('16', '28', 'Service Point', 'master/servicepoint', 'fab fa-fw fa-speakap', '1');
INSERT INTO `user_sub_menu` VALUES ('18', '28', 'Product', 'master/product', 'fab fa-fw fa-product-hunt', '1');
INSERT INTO `user_sub_menu` VALUES ('19', '28', 'Owner', 'master/owner', 'fas fa-fw fa-user-tie', '1');
INSERT INTO `user_sub_menu` VALUES ('20', '28', 'Customer', 'master/customer', 'fas fa-fw fa-university', '1');
INSERT INTO `user_sub_menu` VALUES ('21', '5', 'Histori EDC', 'logistic/historiedc', 'fas fa-fw fa-history', '1');
INSERT INTO `user_sub_menu` VALUES ('22', '5', 'Visual', 'logistic/visual', 'fas fa-fw fa-boxes', '0');
INSERT INTO `user_sub_menu` VALUES ('23', '5', 'DSN', 'logistic/dsn', 'fas fa-fw fa-laptop', '1');
INSERT INTO `user_sub_menu` VALUES ('24', '5', 'Histori DSN', 'logistic/historidsn', 'fas fa-fw fa-history', '1');

-- ----------------------------
-- Table structure for `user_token`
-- ----------------------------
DROP TABLE IF EXISTS `user_token`;
CREATE TABLE `user_token` (
  `id` int(11) NOT NULL AUTO_INCREMENT,
  `email` varchar(128) DEFAULT NULL,
  `token` varchar(128) DEFAULT NULL,
  `date_created` int(11) DEFAULT NULL,
  PRIMARY KEY (`id`)
) ENGINE=InnoDB AUTO_INCREMENT=16 DEFAULT CHARSET=latin1;

-- ----------------------------
-- Records of user_token
-- ----------------------------
